{"Fid":"f-RGyklLR66RHa5k4FYJ1z","Status":3,"AuthToken":"eyJhbGciOiJFUzI1NiIsInR5cCI6IkpXVCJ9.eyJhcHBJZCI6IjE6ODUwMjIwMDM3MDgxOmFuZHJvaWQ6MmE1OGNhMjhkNmEzZDM0YiIsImV4cCI6MTc1ODA3ODk3NiwiZmlkIjoiZi1SR3lrbExSNjZSSGE1azRGWUoxeiIsInByb2plY3ROdW1iZXIiOjg1MDIyMDAzNzA4MX0.AB2LPV8wRQIgFbdjfGJRFdToNH7mOJd0AZd1nMGHQ_pJ3HVDoHn2MpYCIQDjIY70cqf3_hjD4eNmzXo2X8wK4ymWilrRs6omsbtKsA","RefreshToken":"3_AS3qfwJWm7db4Z_l7xdYExgA5GBpYIiqBKTGvBh32VGQ6w4C_0oAX0RP2T0xXFUQ1nftOG7HSs5-nGgjqRnIqrY9yxsPn9jpSPMeUZg1lxg0hiI","TokenCreationEpochInSecs":1757474176,"ExpiresInSecs":604800}