<?xml version='1.0' encoding='utf-8' standalone='yes' ?>
<map>
    <int name="AF_CACHE_VERSION" value="1" />
    <string name="prev_event_name">main_activity_on_create</string>
    <long name="prev_event_timestamp" value="1753892495044" />
    <boolean name="didSendRevenueTriggerOnLastBackground" value="true" />
    <int name="appsFlyerInAppEventCount" value="14" />
    <long name="prev_session_dur" value="13" />
    <long name="af_rc_max_age" value="86400" />
    <boolean name="ddl_sent" value="true" />
    <string name="sentSuccessfully">true</string>
    <string name="af_remote_config">eyJmZWF0dXJlcyI6e30sInZlciI6ImRlZmF1bHQudjEuMTYzNzE0OTUyOSJ9</string>
    <int name="versionCode" value="5040007" />
    <string name="savedProperties">{&quot;waitForCustomerId&quot;:&quot;false&quot;,&quot;logLevel&quot;:&quot;0&quot;,&quot;userEmails&quot;:&quot;{\&quot;plain_el_arr\&quot;:[\&quot;null\&quot;]}&quot;,&quot;AppUserId&quot;:&quot;215463369&quot;,&quot;userEmailsCryptType&quot;:&quot;0&quot;}</string>
    <string name="AF_INSTALLATION">1753892379770-6210037753356743535</string>
    <boolean name="afUninstallToken_queued" value="false" />
    <int name="appsFlyerCount" value="11" />
    <long name="af_rc_timestamp" value="1753892380143" />
    <long name="AppsFlyerTimePassedSincePrevLaunch" value="1753892645569" />
    <boolean name="newGPReferrerSent" value="true" />
    <string name="first_launch">{&quot;net&quot;:335,&quot;from_fg&quot;:1179,&quot;start_with&quot;:&quot;application&quot;,&quot;init_to_fg&quot;:1599}</string>
    <string name="appsFlyerFirstInstall">2025-07-30_214940+0530</string>
    <string name="attributionId">{&quot;install_time&quot;:&quot;2025-07-30 16:20:12.824&quot;,&quot;af_message&quot;:&quot;organic install&quot;,&quot;af_status&quot;:&quot;Organic&quot;,&quot;is_first_launch&quot;:false}</string>
</map>
